Year,excess_deaths_male
2001,1523.9762178920948
2013,5.936054651465742
2019,10.76452190777276
2020,65255.07408519459
2021,76895.56315640915
2022,28018.59937061482
